1;Martín;Juan;juan.martin@email.com;1234567890
2;Dupont;Sophie;sophie.dupont@email.com;4455667788
3;Li;Wei;wei.li@email.com;1122334455
4;Renard;Julie;julie.renard@email.com;5566778899
5;Ivanov;Dmitry;dmitry.ivanov@email.com;3344556677
6;Blanc;Alice;alice.blanc@email.com;6677889900
7;García;María;maria.garcia@email.com;0987654321
8;Noir;Pierre;pierre.noir@email.com;7788990011
9;Al-Farouk;Ahmed;ahmed.alfarouk@email.com;2233445566
10;Lemoine;Claire;claire.lemoine@email.com;8899001122
